{
    "name": "root",
    "gauges": {
        "MoveToGoal.Policy.Entropy.mean": {
            "value": 1.4189833402633667,
            "min": 1.4189833402633667,
            "max": 1.4189833402633667,
            "count": 1
        },
        "MoveToGoal.Policy.Entropy.sum": {
            "value": 14438.1552734375,
            "min": 14438.1552734375,
            "max": 14438.1552734375,
            "count": 1
        },
        "MoveToGoal.Environment.EpisodeLength.mean": {
            "value": 16.625886524822697,
            "min": 16.625886524822697,
            "max": 16.625886524822697,
            "count": 1
        },
        "MoveToGoal.Environment.EpisodeLength.sum": {
            "value": 9377.0,
            "min": 9377.0,
            "max": 9377.0,
            "count": 1
        },
        "MoveToGoal.Step.mean": {
            "value": 9998.0,
            "min": 9998.0,
            "max": 9998.0,
            "count": 1
        },
        "MoveToGoal.Step.sum": {
            "value": 9998.0,
            "min": 9998.0,
            "max": 9998.0,
            "count": 1
        },
        "MoveToGoal.Policy.ExtrinsicValueEstimate.mean": {
            "value": 0.8208023905754089,
            "min": 0.8208023905754089,
            "max": 0.8208023905754089,
            "count": 1
        },
        "MoveToGoal.Policy.ExtrinsicValueEstimate.sum": {
            "value": 474.42376708984375,
            "min": 474.42376708984375,
            "max": 474.42376708984375,
            "count": 1
        },
        "MoveToGoal.Environment.CumulativeReward.mean": {
            "value": 0.9005328596802842,
            "min": 0.9005328596802842,
            "max": 0.9005328596802842,
            "count": 1
        },
        "MoveToGoal.Environment.CumulativeReward.sum": {
            "value": 507.0,
            "min": 507.0,
            "max": 507.0,
            "count": 1
        },
        "MoveToGoal.Policy.ExtrinsicReward.mean": {
            "value": 0.9005328596802842,
            "min": 0.9005328596802842,
            "max": 0.9005328596802842,
            "count": 1
        },
        "MoveToGoal.Policy.ExtrinsicReward.sum": {
            "value": 507.0,
            "min": 507.0,
            "max": 507.0,
            "count": 1
        },
        "MoveToGoal.Losses.PolicyLoss.mean": {
            "value": 0.2484039003505025,
            "min": 0.2484039003505025,
            "max": 0.2484039003505025,
            "count": 1
        },
        "MoveToGoal.Losses.PolicyLoss.sum": {
            "value": 20.369119828741205,
            "min": 20.369119828741205,
            "max": 20.369119828741205,
            "count": 1
        },
        "MoveToGoal.Losses.ValueLoss.mean": {
            "value": 0.06765895750143391,
            "min": 0.06765895750143391,
            "max": 0.06765895750143391,
            "count": 1
        },
        "MoveToGoal.Losses.ValueLoss.sum": {
            "value": 5.548034515117581,
            "min": 5.548034515117581,
            "max": 5.548034515117581,
            "count": 1
        },
        "MoveToGoal.Policy.LearningRate.mean": {
            "value": 0.000296855510804261,
            "min": 0.000296855510804261,
            "max": 0.000296855510804261,
            "count": 1
        },
        "MoveToGoal.Policy.LearningRate.sum": {
            "value": 0.0243421518859494,
            "min": 0.0243421518859494,
            "max": 0.0243421518859494,
            "count": 1
        },
        "MoveToGoal.Policy.Epsilon.mean": {
            "value": 0.19895183658536586,
            "min": 0.19895183658536586,
            "max": 0.19895183658536586,
            "count": 1
        },
        "MoveToGoal.Policy.Epsilon.sum": {
            "value": 16.3140506,
            "min": 16.3140506,
            "max": 16.3140506,
            "count": 1
        },
        "MoveToGoal.Policy.Beta.mean": {
            "value": 0.0004948639992682926,
            "min": 0.0004948639992682926,
            "max": 0.0004948639992682926,
            "count": 1
        },
        "MoveToGoal.Policy.Beta.sum": {
            "value": 0.040578847939999996,
            "min": 0.040578847939999996,
            "max": 0.040578847939999996,
            "count": 1
        },
        "MoveToGoal.IsTraining.mean": {
            "value": 1.0,
            "min": 1.0,
            "max": 1.0,
            "count": 1
        },
        "MoveToGoal.IsTraining.sum": {
            "value": 1.0,
            "min": 1.0,
            "max": 1.0,
            "count": 1
        }
    },
    "metadata": {
        "timer_format_version": "0.1.0",
        "start_time_seconds": "1713145114",
        "python_version": "3.9.6 (tags/v3.9.6:db3ff76, Jun 28 2021, 15:26:21) [MSC v.1929 64 bit (AMD64)]",
        "command_line_arguments": "C:\\Users\\velli\\Downloads\\CS445_Artificial_Intelligence\\AI_MLAgents_Dev_Repo\\AI_MLAgents_Dev\\venv\\Scripts\\mlagents-learn config/moveToGoal.yaml --initialize-from=MoveToGoal --run-id=MoveToGoal3",
        "mlagents_version": "0.30.0",
        "mlagents_envs_version": "0.30.0",
        "communication_protocol_version": "1.5.0",
        "pytorch_version": "2.2.2+cpu",
        "numpy_version": "1.21.2",
        "end_time_seconds": "1713145247"
    },
    "total": 133.5986865,
    "count": 1,
    "self": 0.012655399999999872,
    "children": {
        "run_training.setup": {
            "total": 0.197905,
            "count": 1,
            "self": 0.197905
        },
        "TrainerController.start_learning": {
            "total": 133.38812610000002,
            "count": 1,
            "self": 0.03485629999991602,
            "children": {
                "TrainerController._reset_env": {
                    "total": 15.678313,
                    "count": 1,
                    "self": 15.678313
                },
                "TrainerController.advance": {
                    "total": 117.54090520000008,
                    "count": 917,
                    "self": 0.027226700000113624,
                    "children": {
                        "env_step": {
                            "total": 70.95574600000002,
                            "count": 917,
                            "self": 70.04084619999992,
                            "children": {
                                "SubprocessEnvManager._take_step": {
                                    "total": 0.9034573999999793,
                                    "count": 917,
                                    "self": 0.07134629999981357,
                                    "children": {
                                        "TorchPolicy.evaluate": {
                                            "total": 0.8321111000001657,
                                            "count": 454,
                                            "self": 0.8321111000001657
                                        }
                                    }
                                },
                                "workers": {
                                    "total": 0.011442400000127861,
                                    "count": 916,
                                    "self": 0.0,
                                    "children": {
                                        "worker_root": {
                                            "total": 60.27478710000007,
                                            "count": 916,
                                            "is_parallel": true,
                                            "self": 54.9535594000003,
                                            "children": {
                                                "steps_from_proto": {
                                                    "total": 0.0006472999999989071,
                                                    "count": 1,
                                                    "is_parallel": true,
                                                    "self": 0.0001869999999968286,